name,owner,full_name,remote_url,local_path,is_private,is_fork,origin_type,origin_label,repo_size_kb,local_size_bytes
tools-BeepsOneNote,nastajus,nastajus/tools-BeepsOneNote,https://github.com/nastajus/tools-BeepsOneNote,../repos/tools-BeepsOneNote,false,false,user,Nastajus,1,32550
tools-MouseAltTab,nastajus,nastajus/tools-MouseAltTab,https://github.com/nastajus/tools-MouseAltTab,../repos/tools-MouseAltTab,false,false,user,Nastajus,2,34522
resume,nastajus,nastajus/resume,https://github.com/nastajus/resume,../repos/resume,true,false,user,Nastajus,47598,58830568
trace-kit,nastajus,nastajus/trace-kit,https://github.com/nastajus/trace-kit,../repos/trace-kit,false,false,user,Nastajus,2,36484
mcrv,nastajus,nastajus/mcrv,https://github.com/nastajus/mcrv,../repos/mcrv,false,false,user,Nastajus,0,26456
PromptPilot,nastajus,nastajus/PromptPilot,https://github.com/nastajus/PromptPilot,../repos/PromptPilot,false,false,user,Nastajus,381,3060120
LexiPath0.2,nastajus,nastajus/LexiPath0.2,https://github.com/nastajus/LexiPath0.2,../repos/LexiPath0.2,true,false,user,Nastajus,392,1853267
PainVis,nastajus,nastajus/PainVis,https://github.com/nastajus/PainVis,../repos/PainVis,true,false,user,Nastajus,4,43460
Emotion-wheel-vanilla,nastajus,nastajus/Emotion-wheel-vanilla,https://github.com/nastajus/Emotion-wheel-vanilla,../repos/Emotion-wheel-vanilla,true,false,user,Nastajus,16,66709
LexiPath0.1,nastajus,nastajus/LexiPath0.1,https://github.com/nastajus/LexiPath0.1,../repos/LexiPath0.1,true,false,user,Nastajus,355,1691599
defidig,nastajus,nastajus/defidig,https://github.com/nastajus/defidig,../repos/defidig,true,false,user,Nastajus,1,31814
ng-cue-card,nastajus,nastajus/ng-cue-card,https://github.com/nastajus/ng-cue-card,../repos/ng-cue-card,false,false,user,Nastajus,5076,14967132
nastajus.github.io,nastajus,nastajus/nastajus.github.io,https://github.com/nastajus/nastajus.github.io,../repos/nastajus.github.io,false,false,user,Nastajus,27027,54268784
vue-values-deck,nastajus,nastajus/vue-values-deck,https://github.com/nastajus/vue-values-deck,../repos/vue-values-deck,false,false,user,Nastajus,432,947422
vue-todo-app,nastajus,nastajus/vue-todo-app,https://github.com/nastajus/vue-todo-app,../repos/vue-todo-app,false,false,user,Nastajus,135,658843
sql,nastajus,nastajus/sql,https://github.com/nastajus/sql,../repos/sql,false,false,user,Nastajus,3589,22580979
hart-chart,nastajus,nastajus/hart-chart,https://github.com/nastajus/hart-chart,../repos/hart-chart,false,false,user,Nastajus,633,1028600
projects,nastajus,nastajus/projects,https://github.com/nastajus/projects,../repos/projects,false,false,user,Nastajus,10,46602
job-searcher-game,nastajus,nastajus/job-searcher-game,https://github.com/nastajus/job-searcher-game,../repos/job-searcher-game,false,false,user,Nastajus,15,101883
serial-sc2-web,nastajus,nastajus/serial-sc2-web,https://github.com/nastajus/serial-sc2-web,../repos/serial-sc2-web,false,false,user,Nastajus,34,112691
pong-gilgamesh,nastajus,nastajus/pong-gilgamesh,https://github.com/nastajus/pong-gilgamesh,../repos/pong-gilgamesh,false,false,user,Nastajus,101,316861
js-weird-gaps,nastajus,nastajus/js-weird-gaps,https://github.com/nastajus/js-weird-gaps,../repos/js-weird-gaps,false,false,user,Nastajus,2,34165
shapes2d,nastajus,nastajus/shapes2d,https://github.com/nastajus/shapes2d,../repos/shapes2d,false,true,user,Nastajus,382,2606333
css-transforms,nastajus,nastajus/css-transforms,https://github.com/nastajus/css-transforms,../repos/css-transforms,false,false,user,Nastajus,0,26472
js-py,nastajus,nastajus/js-py,https://github.com/nastajus/js-py,../repos/js-py,false,false,user,Nastajus,2,35469
ng-angular-in-action-stocks,nastajus,nastajus/ng-angular-in-action-stocks,https://github.com/nastajus/ng-angular-in-action-stocks,../repos/ng-angular-in-action-stocks,false,false,user,Nastajus,81,484282
ng-quickstart-my-app,nastajus,nastajus/ng-quickstart-my-app,https://github.com/nastajus/ng-quickstart-my-app,../repos/ng-quickstart-my-app,false,false,user,Nastajus,109,627273
rx-reactivex,nastajus,nastajus/rx-reactivex,https://github.com/nastajus/rx-reactivex,../repos/rx-reactivex,false,false,user,Nastajus,7,53625
cs-algorithms,nastajus,nastajus/cs-algorithms,https://github.com/nastajus/cs-algorithms,../repos/cs-algorithms,false,false,user,Nastajus,450,1002435
ng-hello-world-mosh,nastajus,nastajus/ng-hello-world-mosh,https://github.com/nastajus/ng-hello-world-mosh,../repos/ng-hello-world-mosh,false,false,user,Nastajus,94,529912
un-algorithms,nastajus,nastajus/un-algorithms,https://github.com/nastajus/un-algorithms,../repos/un-algorithms,true,false,user,Nastajus,1728,5872554
cs-workout-buddy,nastajus,nastajus/cs-workout-buddy,https://github.com/nastajus/cs-workout-buddy,../repos/cs-workout-buddy,false,false,user,Nastajus,82,274864
un-algorithms-game,nastajus,nastajus/un-algorithms-game,https://github.com/nastajus/un-algorithms-game,../repos/un-algorithms-game,false,false,user,Nastajus,165,512993
cs-async,nastajus,nastajus/cs-async,https://github.com/nastajus/cs-async,../repos/cs-async,false,false,user,Nastajus,14,69002
cs-analytics,nastajus,nastajus/cs-analytics,https://github.com/nastajus/cs-analytics,../repos/cs-analytics,true,false,user,Nastajus,29,216513
cs-sl,nastajus,nastajus/cs-sl,https://github.com/nastajus/cs-sl,../repos/cs-sl,false,false,user,Nastajus,25,89551
cs-net-WpfApp-resizable,nastajus,nastajus/cs-net-WpfApp-resizable,https://github.com/nastajus/cs-net-WpfApp-resizable,../repos/cs-net-WpfApp-resizable,false,false,user,Nastajus,13,71703
cs-TestNinja-unit-testing,nastajus,nastajus/cs-TestNinja-unit-testing,https://github.com/nastajus/cs-TestNinja-unit-testing,../repos/cs-TestNinja-unit-testing,false,false,user,Nastajus,21,93812
js-algorithms,nastajus,nastajus/js-algorithms,https://github.com/nastajus/js-algorithms,../repos/js-algorithms,false,false,user,Nastajus,6,64167
cs-unity-multiplayer-unet,nastajus,nastajus/cs-unity-multiplayer-unet,https://github.com/nastajus/cs-unity-multiplayer-unet,../repos/cs-unity-multiplayer-unet,false,false,user,Nastajus,36,146092
JobHunt-node,nastajus,nastajus/JobHunt-node,https://github.com/nastajus/JobHunt-node,../repos/JobHunt-node,false,false,user,Nastajus,1121,2406273
chrome-devtools-101-debugging-js,nastajus,nastajus/chrome-devtools-101-debugging-js,https://github.com/nastajus/chrome-devtools-101-debugging-js,../repos/chrome-devtools-101-debugging-js,false,false,user,Nastajus,9,75403
js-chaining,nastajus,nastajus/js-chaining,https://github.com/nastajus/js-chaining,../repos/js-chaining,false,false,user,Nastajus,9,74659
js-touch-friendly-drag-and-drop,nastajus,nastajus/js-touch-friendly-drag-and-drop,https://github.com/nastajus/js-touch-friendly-drag-and-drop,../repos/js-touch-friendly-drag-and-drop,false,false,user,Nastajus,8,73795
scraper-and-console,nastajus,nastajus/scraper-and-console,https://github.com/nastajus/scraper-and-console,../repos/scraper-and-console,false,false,user,Nastajus,17,106518
NorthernBlock-Challenge,nastajus,nastajus/NorthernBlock-Challenge,https://github.com/nastajus/NorthernBlock-Challenge,../repos/NorthernBlock-Challenge,false,false,user,Nastajus,9,75287
java-algorithms,nastajus,nastajus/java-algorithms,https://github.com/nastajus/java-algorithms,../repos/java-algorithms,false,false,user,Nastajus,6,46596
CSS-experiments,nastajus,nastajus/CSS-experiments,https://github.com/nastajus/CSS-experiments,../repos/CSS-experiments,false,false,user,Nastajus,64,214658
cs-challenge-IKM,nastajus,nastajus/cs-challenge-IKM,https://github.com/nastajus/cs-challenge-IKM,../repos/cs-challenge-IKM,false,false,user,Nastajus,15,73980
cs-MvcMovie,nastajus,nastajus/cs-MvcMovie,https://github.com/nastajus/cs-MvcMovie,../repos/cs-MvcMovie,false,false,user,Nastajus,870,3428735
js-write-express-middleware,nastajus,nastajus/js-write-express-middleware,https://github.com/nastajus/js-write-express-middleware,../repos/js-write-express-middleware,false,false,user,Nastajus,5,45019
Video-DiscoveringJavaScript-DrVenkatSubramaniam,nastajus,nastajus/Video-DiscoveringJavaScript-DrVenkatSubramaniam,https://github.com/nastajus/Video-DiscoveringJavaScript-DrVenkatSubramaniam,../repos/Video-DiscoveringJavaScript-DrVenkatSubramaniam,false,false,user,Nastajus,0,30496
learn-react-app-state-vs-props,nastajus,nastajus/learn-react-app-state-vs-props,https://github.com/nastajus/learn-react-app-state-vs-props,../repos/learn-react-app-state-vs-props,false,false,user,Nastajus,128,550023
js-TutorialTetris,nastajus,nastajus/js-TutorialTetris,https://github.com/nastajus/js-TutorialTetris,../repos/js-TutorialTetris,false,false,user,Nastajus,2,34377
challenge-RBC-Emergitel,nastajus,nastajus/challenge-RBC-Emergitel,https://github.com/nastajus/challenge-RBC-Emergitel,../repos/challenge-RBC-Emergitel,false,false,user,Nastajus,4,43291
js-promises-mdn,nastajus,nastajus/js-promises-mdn,https://github.com/nastajus/js-promises-mdn,../repos/js-promises-mdn,false,false,user,Nastajus,1,33417
js-orm-sequelize,nastajus,nastajus/js-orm-sequelize,https://github.com/nastajus/js-orm-sequelize,../repos/js-orm-sequelize,false,false,user,Nastajus,20,117935
js-orm-sequelize-CodeCast,nastajus,nastajus/js-orm-sequelize-CodeCast,https://github.com/nastajus/js-orm-sequelize-CodeCast,../repos/js-orm-sequelize-CodeCast,false,false,user,Nastajus,14,65320
js-promises-decypher-media,nastajus,nastajus/js-promises-decypher-media,https://github.com/nastajus/js-promises-decypher-media,../repos/js-promises-decypher-media,false,false,user,Nastajus,2,35799
js-promises,nastajus,nastajus/js-promises,https://github.com/nastajus/js-promises,../repos/js-promises,false,false,user,Nastajus,7,57657
wvchallenge-nodejs,nastajus,nastajus/wvchallenge-nodejs,https://github.com/nastajus/wvchallenge-nodejs,../repos/wvchallenge-nodejs,false,true,user,Nastajus,586,1230424
js-express-multer,nastajus,nastajus/js-express-multer,https://github.com/nastajus/js-express-multer,../repos/js-express-multer,false,false,user,Nastajus,24,144228
js-orm-knex-WalkThroughCode,nastajus,nastajus/js-orm-knex-WalkThroughCode,https://github.com/nastajus/js-orm-knex-WalkThroughCode,../repos/js-orm-knex-WalkThroughCode,false,false,user,Nastajus,21,138677
js-express-forms,nastajus,nastajus/js-express-forms,https://github.com/nastajus/js-express-forms,../repos/js-express-forms,false,false,user,Nastajus,15,66644
c,nastajus,nastajus/c,https://github.com/nastajus/c,../repos/c,false,false,user,Nastajus,8,47257
LearnSpringbootCrash,nastajus,nastajus/LearnSpringbootCrash,https://github.com/nastajus/LearnSpringbootCrash,../repos/LearnSpringbootCrash,false,false,user,Nastajus,17,92085
Javascript-modular,nastajus,nastajus/Javascript-modular,https://github.com/nastajus/Javascript-modular,../repos/Javascript-modular,false,false,user,Nastajus,7,40529
LearnReactCrash,nastajus,nastajus/LearnReactCrash,https://github.com/nastajus/LearnReactCrash,../repos/LearnReactCrash,false,false,user,Nastajus,128,552721
learnreact.com-with-codesandbox.io,nastajus,nastajus/learnreact.com-with-codesandbox.io,https://github.com/nastajus/learnreact.com-with-codesandbox.io,../repos/learnreact.com-with-codesandbox.io,false,false,user,Nastajus,3,34249
learn-react-app--react-router,nastajus,nastajus/learn-react-app--react-router,https://github.com/nastajus/learn-react-app--react-router,../repos/learn-react-app--react-router,false,false,user,Nastajus,198,588538
LearnExpressCrash,nastajus,nastajus/LearnExpressCrash,https://github.com/nastajus/LearnExpressCrash,../repos/LearnExpressCrash,false,false,user,Nastajus,30,96444
VisRest,nastajus,nastajus/VisRest,https://github.com/nastajus/VisRest,../repos/VisRest,false,false,user,Nastajus,0,26465
JellyMazerPrototype,nastajus,nastajus/JellyMazerPrototype,https://github.com/nastajus/JellyMazerPrototype,../repos/JellyMazerPrototype,false,false,user,Nastajus,347,1475098
JellyMazer,nastajus,nastajus/JellyMazer,https://github.com/nastajus/JellyMazer,../repos/JellyMazer,false,false,user,Nastajus,22340,55613770
nodebasetest,nastajus,nastajus/nodebasetest,https://github.com/nastajus/nodebasetest,../repos/nodebasetest,false,false,user,Nastajus,0,26470
javascriptApp5-canvas,nastajus,nastajus/javascriptApp5-canvas,https://github.com/nastajus/javascriptApp5-canvas,../repos/javascriptApp5-canvas,false,false,user,Nastajus,771,2979334
WordMason,nastajus,nastajus/WordMason,https://github.com/nastajus/WordMason,../repos/WordMason,false,false,user,Nastajus,17,124575
apiApp-Server,nastajus,nastajus/apiApp-Server,https://github.com/nastajus/apiApp-Server,../repos/apiApp-Server,false,false,user,Nastajus,7,48022
ButteredChicken,nastajus,nastajus/ButteredChicken,https://github.com/nastajus/ButteredChicken,../repos/ButteredChicken,false,false,user,Nastajus,882,1884616
RyersonCPC,nastajus,nastajus/RyersonCPC,https://github.com/nastajus/RyersonCPC,../repos/RyersonCPC,false,true,user,Nastajus,938,2485870
Python-Kivy-experiments,nastajus,nastajus/Python-Kivy-experiments,https://github.com/nastajus/Python-Kivy-experiments,../repos/Python-Kivy-experiments,false,false,user,Nastajus,3,36287
ExecutionOrderUnityScripts,nastajus,nastajus/ExecutionOrderUnityScripts,https://github.com/nastajus/ExecutionOrderUnityScripts,../repos/ExecutionOrderUnityScripts,false,false,user,Nastajus,26,203363
VisitorPattern,nastajus,nastajus/VisitorPattern,https://github.com/nastajus/VisitorPattern,../repos/VisitorPattern,false,false,user,Nastajus,23,119259
FattyBird,nastajus,nastajus/FattyBird,https://github.com/nastajus/FattyBird,../repos/FattyBird,false,false,user,Nastajus,169,954150
git-team-timeline,nastajus,nastajus/git-team-timeline,https://github.com/nastajus/git-team-timeline,../repos/git-team-timeline,false,false,user,Nastajus,18,85980
ContactManager,nastajus,nastajus/ContactManager,https://github.com/nastajus/ContactManager,../repos/ContactManager,false,false,user,Nastajus,92,247671
FlappyLeapFramework,nastajus,nastajus/FlappyLeapFramework,https://github.com/nastajus/FlappyLeapFramework,../repos/FlappyLeapFramework,false,false,user,Nastajus,0,29600
nest-witch-clone,nastajus,nastajus/nest-witch-clone,https://github.com/nastajus/nest-witch-clone,../repos/nest-witch-clone,false,true,user,Nastajus,1470,16536240
Space,nastajus,nastajus/Space,https://github.com/nastajus/Space,../repos/Space,false,false,user,Nastajus,3888,17668576
FlappyLeap,nastajus,nastajus/FlappyLeap,https://github.com/nastajus/FlappyLeap,../repos/FlappyLeap,false,false,user,Nastajus,18744,40433317
LeapTry,nastajus,nastajus/LeapTry,https://github.com/nastajus/LeapTry,../repos/LeapTry,false,false,user,Nastajus,12112,26732864
menu-design,nastajus,nastajus/menu-design,https://github.com/nastajus/menu-design,../repos/menu-design,false,false,user,Nastajus,1076,1992788
InterviewPostMortem,nastajus,nastajus/InterviewPostMortem,https://github.com/nastajus/InterviewPostMortem,../repos/InterviewPostMortem,false,false,user,Nastajus,332,454809
Questioner,nastajus,nastajus/Questioner,https://github.com/nastajus/Questioner,../repos/Questioner,false,false,user,Nastajus,71,76094
Domiyahtzee,nastajus,nastajus/Domiyahtzee,https://github.com/nastajus/Domiyahtzee,../repos/Domiyahtzee,false,false,user,Nastajus,220,251396
GraphTraversal,nastajus,nastajus/GraphTraversal,https://github.com/nastajus/GraphTraversal,../repos/GraphTraversal,false,false,user,Nastajus,368,514104
Donut,nastajus,nastajus/Donut,https://github.com/nastajus/Donut,../repos/Donut,false,false,user,Nastajus,320,240648
jam-incrementor,nastajus,nastajus/jam-incrementor,https://github.com/nastajus/jam-incrementor,../repos/jam-incrementor,false,false,user,Nastajus,676,1972130
Boo,nastajus,nastajus/Boo,https://github.com/nastajus/Boo,../repos/Boo,false,false,user,Nastajus,472,690882
NFC,nastajus,nastajus/NFC,https://github.com/nastajus/NFC,../repos/NFC,false,false,user,Nastajus,200,253869
CPS801_OS_project_part2,nastajus,nastajus/CPS801_OS_project_part2,https://github.com/nastajus/CPS801_OS_project_part2,../repos/CPS801_OS_project_part2,false,false,user,Nastajus,216,261069
SkillMatrix,nastajus,nastajus/SkillMatrix,https://github.com/nastajus/SkillMatrix,../repos/SkillMatrix,false,false,user,Nastajus,240,165706
AndroidRyersonSDC,nastajus,nastajus/AndroidRyersonSDC,https://github.com/nastajus/AndroidRyersonSDC,../repos/AndroidRyersonSDC,false,true,user,Nastajus,1863,3708150
BuilderBros,nastajus,nastajus/BuilderBros,https://github.com/nastajus/BuilderBros,../repos/BuilderBros,false,false,user,Nastajus,13371,36824898
BalloonBomber,nastajus,nastajus/BalloonBomber,https://github.com/nastajus/BalloonBomber,../repos/BalloonBomber,false,false,user,Nastajus,232,428239
CircularTetris,nastajus,nastajus/CircularTetris,https://github.com/nastajus/CircularTetris,../repos/CircularTetris,false,false,user,Nastajus,83202,127280889
CandyRus,nastajus,nastajus/CandyRus,https://github.com/nastajus/CandyRus,../repos/CandyRus,true,false,user,Nastajus,20044,56494099
BlockMech,nastajus,nastajus/BlockMech,https://github.com/nastajus/BlockMech,../repos/BlockMech,false,false,user,Nastajus,0,29470
LeapTest2,nastajus,nastajus/LeapTest2,https://github.com/nastajus/LeapTest2,../repos/LeapTest2,false,false,user,Nastajus,2768,9495275
LeapTest,nastajus,nastajus/LeapTest,https://github.com/nastajus/LeapTest,../repos/LeapTest,false,false,user,Nastajus,12329,42309341
CoroutinesLearning,nastajus,nastajus/CoroutinesLearning,https://github.com/nastajus/CoroutinesLearning,../repos/CoroutinesLearning,false,false,user,Nastajus,528,982363
PoliticsMechanic-Unity,nastajus,nastajus/PoliticsMechanic-Unity,https://github.com/nastajus/PoliticsMechanic-Unity,../repos/PoliticsMechanic-Unity,false,true,user,Nastajus,3232,6613740
CandyRush,nastajus,nastajus/CandyRush,https://github.com/nastajus/CandyRush,../repos/CandyRush,true,false,user,Nastajus,6172,21230633
breath-trainer,nastajus,nastajus/breath-trainer,https://github.com/nastajus/breath-trainer,../repos/breath-trainer,true,false,user,Nastajus,552,1376532
unity,nastajus,nastajus/unity,https://github.com/nastajus/unity,../repos/unity,false,false,user,Nastajus,31506,66004885
FuriousFreddys,GameMakersUnion,GameMakersUnion/FuriousFreddys,https://github.com/GameMakersUnion/FuriousFreddys,../repos/[GMU]/FuriousFreddys,false,false,org,GMU,8966,17218408
CargoZone,GameMakersUnion,GameMakersUnion/CargoZone,https://github.com/GameMakersUnion/CargoZone,../repos/[GMU]/CargoZone,false,false,org,GMU,227,738826
EmojiRunner,GameMakersUnion,GameMakersUnion/EmojiRunner,https://github.com/GameMakersUnion/EmojiRunner,../repos/[GMU]/EmojiRunner,false,false,org,GMU,111,385681
MeshToys,GameMakersUnion,GameMakersUnion/MeshToys,https://github.com/GameMakersUnion/MeshToys,../repos/[GMU]/MeshToys,false,false,org,GMU,737,1923555
RubbleRoundup,GameMakersUnion,GameMakersUnion/RubbleRoundup,https://github.com/GameMakersUnion/RubbleRoundup,../repos/[GMU]/RubbleRoundup,false,false,org,GMU,6812,13294510
BattleShipV2,GameMakersUnion,GameMakersUnion/BattleShipV2,https://github.com/GameMakersUnion/BattleShipV2,../repos/[GMU]/BattleShipV2,false,false,org,GMU,351,1251592
PlanetMaker,GameMakersUnion,GameMakersUnion/PlanetMaker,https://github.com/GameMakersUnion/PlanetMaker,../repos/[GMU]/PlanetMaker,false,false,org,GMU,4580,9620185
EarthDefence,GameMakersUnion,GameMakersUnion/EarthDefence,https://github.com/GameMakersUnion/EarthDefence,../repos/[GMU]/EarthDefence,false,false,org,GMU,14340,44106736
jam-PlanetPizza,GameMakersUnion,GameMakersUnion/jam-PlanetPizza,https://github.com/GameMakersUnion/jam-PlanetPizza,../repos/[GMU]/jam-PlanetPizza,false,true,org,GMU,7194,14855085
romPrototype,GameMakersUnion,GameMakersUnion/romPrototype,https://github.com/GameMakersUnion/romPrototype,../repos/[GMU]/romPrototype,false,false,org,GMU,180,281862
Battleship,GameMakersUnion,GameMakersUnion/Battleship,https://github.com/GameMakersUnion/Battleship,../repos/[GMU]/Battleship,false,false,org,GMU,164,316332
Promoted,GameMakersUnion,GameMakersUnion/Promoted,https://github.com/GameMakersUnion/Promoted,../repos/[GMU]/Promoted,false,false,org,GMU,75448,166122183
SummerMini,GameMakersUnion,GameMakersUnion/SummerMini,https://github.com/GameMakersUnion/SummerMini,../repos/[GMU]/SummerMini,false,false,org,GMU,70352,143155236
Promoted---OLD,GameMakersUnion,GameMakersUnion/Promoted---OLD,https://github.com/GameMakersUnion/Promoted---OLD,../repos/[GMU]/Promoted---OLD,false,false,org,GMU,484,4204852
CheddarChase,GameMakersUnion,GameMakersUnion/CheddarChase,https://github.com/GameMakersUnion/CheddarChase,../repos/[GMU]/CheddarChase,false,false,org,GMU,432,767017
RGSee,GameMakersUnion,GameMakersUnion/RGSee,https://github.com/GameMakersUnion/RGSee,../repos/[GMU]/RGSee,false,false,org,GMU,1908,11030080
Photon,GameMakersUnion,GameMakersUnion/Photon,https://github.com/GameMakersUnion/Photon,../repos/[GMU]/Photon,false,false,org,GMU,348,622370
jam-nested2,GameMakersUnion,GameMakersUnion/jam-nested2,https://github.com/GameMakersUnion/jam-nested2,../repos/[GMU]/jam-nested2,false,false,org,GMU,268,258953
jam-nested,GameMakersUnion,GameMakersUnion/jam-nested,https://github.com/GameMakersUnion/jam-nested,../repos/[GMU]/jam-nested,false,false,org,GMU,360,507864
Squash,GameMakersUnion,GameMakersUnion/Squash,https://github.com/GameMakersUnion/Squash,../repos/[GMU]/Squash,false,false,org,GMU,13800,41225860
JurassicCraft,GameMakersUnion,GameMakersUnion/JurassicCraft,https://github.com/GameMakersUnion/JurassicCraft,../repos/[GMU]/JurassicCraft,false,false,org,GMU,99577,259403707
Drought,GameMakersUnion,GameMakersUnion/Drought,https://github.com/GameMakersUnion/Drought,../repos/[GMU]/Drought,false,false,org,GMU,112,239243
CubeRollersDeluxe,GameMakersUnion,GameMakersUnion/CubeRollersDeluxe,https://github.com/GameMakersUnion/CubeRollersDeluxe,../repos/[GMU]/CubeRollersDeluxe,false,false,org,GMU,4084,10826883
PlatformerBunny,GameMakersUnion,GameMakersUnion/PlatformerBunny,https://github.com/GameMakersUnion/PlatformerBunny,../repos/[GMU]/PlatformerBunny,false,false,org,GMU,17120,29131118
BuilderBros,GameMakersUnion,GameMakersUnion/BuilderBros,https://github.com/GameMakersUnion/BuilderBros,../repos/[GMU]/BuilderBros,false,true,org,GMU,12995,36838435
RTSmech,GameMakersUnion,GameMakersUnion/RTSmech,https://github.com/GameMakersUnion/RTSmech,../repos/[GMU]/RTSmech,false,false,org,GMU,3448,10746972
OrbItUtils,GameMakersUnion,GameMakersUnion/OrbItUtils,https://github.com/GameMakersUnion/OrbItUtils,../repos/[GMU]/OrbItUtils,false,false,org,GMU,132,57830
StoryMechanic,GameMakersUnion,GameMakersUnion/StoryMechanic,https://github.com/GameMakersUnion/StoryMechanic,../repos/[GMU]/StoryMechanic,false,false,org,GMU,276,471218
ShipMech,GameMakersUnion,GameMakersUnion/ShipMech,https://github.com/GameMakersUnion/ShipMech,../repos/[GMU]/ShipMech,false,false,org,GMU,20440,46218821
AirHockeyMechanic,GameMakersUnion,GameMakersUnion/AirHockeyMechanic,https://github.com/GameMakersUnion/AirHockeyMechanic,../repos/[GMU]/AirHockeyMechanic,false,false,org,GMU,5516,12296611
GMU-Rhythm-Mechanic,GameMakersUnion,GameMakersUnion/GMU-Rhythm-Mechanic,https://github.com/GameMakersUnion/GMU-Rhythm-Mechanic,../repos/[GMU]/GMU-Rhythm-Mechanic,false,true,org,GMU,18748,51186981
LeapTest,GameMakersUnion,GameMakersUnion/LeapTest,https://github.com/GameMakersUnion/LeapTest,../repos/[GMU]/LeapTest,false,true,org,GMU,12265,42309689
CircularTetris,GameMakersUnion,GameMakersUnion/CircularTetris,https://github.com/GameMakersUnion/CircularTetris,../repos/[GMU]/CircularTetris,false,true,org,GMU,12460,98701604
DISSCARD-CardMech,GameMakersUnion,GameMakersUnion/DISSCARD-CardMech,https://github.com/GameMakersUnion/DISSCARD-CardMech,../repos/[GMU]/DISSCARD-CardMech,false,false,org,GMU,1768,3763950
BoulderDash-OrbIt,GameMakersUnion,GameMakersUnion/BoulderDash-OrbIt,https://github.com/GameMakersUnion/BoulderDash-OrbIt,../repos/[GMU]/BoulderDash-OrbIt,false,true,org,GMU,107690,241569024
BouncingPlanets,GameMakersUnion,GameMakersUnion/BouncingPlanets,https://github.com/GameMakersUnion/BouncingPlanets,../repos/[GMU]/BouncingPlanets,false,true,org,GMU,64,30420
PoliticsMechanic-Unity,GameMakersUnion,GameMakersUnion/PoliticsMechanic-Unity,https://github.com/GameMakersUnion/PoliticsMechanic-Unity,../repos/[GMU]/PoliticsMechanic-Unity,false,false,org,GMU,3232,6613258
SnakeMechanic,GameMakersUnion,GameMakersUnion/SnakeMechanic,https://github.com/GameMakersUnion/SnakeMechanic,../repos/[GMU]/SnakeMechanic,false,false,org,GMU,616,973668
BowlingMechanic,GameMakersUnion,GameMakersUnion/BowlingMechanic,https://github.com/GameMakersUnion/BowlingMechanic,../repos/[GMU]/BowlingMechanic,false,false,org,GMU,2716,5663468
GridBirdsMechanic,GameMakersUnion,GameMakersUnion/GridBirdsMechanic,https://github.com/GameMakersUnion/GridBirdsMechanic,../repos/[GMU]/GridBirdsMechanic,false,false,org,GMU,911,1323301
hastySketch2,GameMakersUnion,GameMakersUnion/hastySketch2,https://github.com/GameMakersUnion/hastySketch2,../repos/[GMU]/hastySketch2,false,false,org,GMU,26888,69612366
hastySketch,GameMakersUnion,GameMakersUnion/hastySketch,https://github.com/GameMakersUnion/hastySketch,../repos/[GMU]/hastySketch,false,false,org,GMU,26887,91428968
GravProj,GameMakersUnion,GameMakersUnion/GravProj,https://github.com/GameMakersUnion/GravProj,../repos/[GMU]/GravProj,false,true,org,GMU,128,165837
